text,label
Machine learning enables systems to learn from data and improve over time.,AI
"We ran through the fields, our laughter echoing in the wind.",Human
Speech recognition has improved dramatically due to deep learning.,AI
I still remember the warmth of her hug on chilly winter mornings.,Human
Neural networks are inspired by the structure of the human brain.,AI
"He flipped through the old album, each photo sparking a memory.",Human
Autonomous vehicles rely heavily on AI for perception and decision-making.,AI
"We sat around the campfire, telling stories that made us laugh.",Human
Speech recognition has improved dramatically due to deep learning.,AI
"We sat around the campfire, telling stories that made us laugh.",Human
AI models like GPT-4 can generate human-like text with high accuracy.,AI
"We sat around the campfire, telling stories that made us laugh.",Human
Natural language processing helps computers understand human speech.,AI
"We sat around the campfire, telling stories that made us laugh.",Human
Artificial intelligence algorithms are revolutionizing modern industries.,AI
A breeze carried the scent of jasmine through the open door.,Human
AI models like GPT-4 can generate human-like text with high accuracy.,AI
"We ran through the fields, our laughter echoing in the wind.",Human
Speech recognition has improved dramatically due to deep learning.,AI
I still remember the warmth of her hug on chilly winter mornings.,Human
AI-powered tools are transforming the field of personalized medicine.,AI
"The cat curled up on the windowsill, purring softly in her sleep.",Human
Artificial intelligence algorithms are revolutionizing modern industries.,AI
"He flipped through the old album, each photo sparking a memory.",Human
AI models like GPT-4 can generate human-like text with high accuracy.,AI
"We sat around the campfire, telling stories that made us laugh.",Human
AI models like GPT-4 can generate human-like text with high accuracy.,AI
"The sun rose gently over the quiet village, painting the sky in gold.",Human
Artificial intelligence algorithms are revolutionizing modern industries.,AI
Children splashed in puddles as the monsoon clouds rolled in.,Human
AI is widely used in fraud detection and financial forecasting.,AI
Children splashed in puddles as the monsoon clouds rolled in.,Human
Speech recognition has improved dramatically due to deep learning.,AI
I still remember the warmth of her hug on chilly winter mornings.,Human
Speech recognition has improved dramatically due to deep learning.,AI
I still remember the warmth of her hug on chilly winter mornings.,Human
Machine learning enables systems to learn from data and improve over time.,AI
"He flipped through the old album, each photo sparking a memory.",Human
AI models like GPT-4 can generate human-like text with high accuracy.,AI
A breeze carried the scent of jasmine through the open door.,Human
"Generative models create realistic images, audio, and text.",AI
The smell of rain on dry earth always reminds me of home.,Human
Artificial intelligence algorithms are revolutionizing modern industries.,AI
A breeze carried the scent of jasmine through the open door.,Human
"Generative models create realistic images, audio, and text.",AI
"We ran through the fields, our laughter echoing in the wind.",Human
AI models like GPT-4 can generate human-like text with high accuracy.,AI
A breeze carried the scent of jasmine through the open door.,Human
Artificial intelligence algorithms are revolutionizing modern industries.,AI
"The cat curled up on the windowsill, purring softly in her sleep.",Human
AI-powered tools are transforming the field of personalized medicine.,AI
"We sat around the campfire, telling stories that made us laugh.",Human
Natural language processing helps computers understand human speech.,AI
Children splashed in puddles as the monsoon clouds rolled in.,Human
"Generative models create realistic images, audio, and text.",AI
"We sat around the campfire, telling stories that made us laugh.",Human
AI models like GPT-4 can generate human-like text with high accuracy.,AI
"The sun rose gently over the quiet village, painting the sky in gold.",Human
AI-powered tools are transforming the field of personalized medicine.,AI
"He flipped through the old album, each photo sparking a memory.",Human
Machine learning enables systems to learn from data and improve over time.,AI
Children splashed in puddles as the monsoon clouds rolled in.,Human
Natural language processing helps computers understand human speech.,AI
"We ran through the fields, our laughter echoing in the wind.",Human
AI models like GPT-4 can generate human-like text with high accuracy.,AI
"He flipped through the old album, each photo sparking a memory.",Human
AI models like GPT-4 can generate human-like text with high accuracy.,AI
"We ran through the fields, our laughter echoing in the wind.",Human
Artificial intelligence algorithms are revolutionizing modern industries.,AI
"The cat curled up on the windowsill, purring softly in her sleep.",Human
Neural networks are inspired by the structure of the human brain.,AI
I still remember the warmth of her hug on chilly winter mornings.,Human
AI models like GPT-4 can generate human-like text with high accuracy.,AI
"We sat around the campfire, telling stories that made us laugh.",Human
AI is widely used in fraud detection and financial forecasting.,AI
"He flipped through the old album, each photo sparking a memory.",Human
AI models like GPT-4 can generate human-like text with high accuracy.,AI
"We ran through the fields, our laughter echoing in the wind.",Human
AI-powered tools are transforming the field of personalized medicine.,AI
I still remember the warmth of her hug on chilly winter mornings.,Human
AI-powered tools are transforming the field of personalized medicine.,AI
Children splashed in puddles as the monsoon clouds rolled in.,Human
"Generative models create realistic images, audio, and text.",AI
The smell of rain on dry earth always reminds me of home.,Human
Autonomous vehicles rely heavily on AI for perception and decision-making.,AI
"The sun rose gently over the quiet village, painting the sky in gold.",Human
AI is widely used in fraud detection and financial forecasting.,AI
The smell of rain on dry earth always reminds me of home.,Human
Natural language processing helps computers understand human speech.,AI
She tucked a flower behind her ear and danced barefoot on the grass.,Human
Autonomous vehicles rely heavily on AI for perception and decision-making.,AI
A breeze carried the scent of jasmine through the open door.,Human
Neural networks are inspired by the structure of the human brain.,AI
"The sun rose gently over the quiet village, painting the sky in gold.",Human
Machine learning enables systems to learn from data and improve over time.,AI
"He flipped through the old album, each photo sparking a memory.",Human
Autonomous vehicles rely heavily on AI for perception and decision-making.,AI
"We sat around the campfire, telling stories that made us laugh.",Human
Natural language processing helps computers understand human speech.,AI
"We sat around the campfire, telling stories that made us laugh.",Human
Reinforcement learning enables agents to learn optimal behaviors through rewards.,AI
"They planted saplings together, their hands muddy but hearts full.",Human
Edge AI allows processing data locally on devices without sending it to the cloud.,AI
The scent of freshly baked bread drifted from the kitchen.,Human
Reinforcement learning enables agents to learn optimal behaviors through rewards.,AI
"I watched the snowfall in silence, feeling peaceful.",Human
AI in cybersecurity helps detect threats in real-time using anomaly detection.,AI
"We used to ride bicycles down the hill, screaming with joy.",Human
AI in cybersecurity helps detect threats in real-time using anomaly detection.,AI
I held the shell to my ear and listened to the sound of the ocean.,Human
Explainable AI helps users understand and trust model predictions.,AI
"They planted saplings together, their hands muddy but hearts full.",Human
AI in cybersecurity helps detect threats in real-time using anomaly detection.,AI
Her laughter lit up the room like morning sunshine.,Human
Robotic process automation uses AI to handle repetitive digital tasks.,AI
"We used to ride bicycles down the hill, screaming with joy.",Human
Reinforcement learning enables agents to learn optimal behaviors through rewards.,AI
"The lanterns swayed gently in the night breeze, casting flickering shadows.",Human
Robotic process automation uses AI to handle repetitive digital tasks.,AI
She wore the bracelet her grandmother had given her with pride.,Human
AI is central to personalized recommendations in streaming platforms.,AI
I held the shell to my ear and listened to the sound of the ocean.,Human
AI-driven analytics can uncover hidden patterns in large datasets.,AI
She wore the bracelet her grandmother had given her with pride.,Human
Explainable AI helps users understand and trust model predictions.,AI
"I watched the snowfall in silence, feeling peaceful.",Human
Deep learning frameworks have streamlined the development of complex models.,AI
She wore the bracelet her grandmother had given her with pride.,Human
Robotic process automation uses AI to handle repetitive digital tasks.,AI
I held the shell to my ear and listened to the sound of the ocean.,Human
Deep learning frameworks have streamlined the development of complex models.,AI
She wore the bracelet her grandmother had given her with pride.,Human
AI in cybersecurity helps detect threats in real-time using anomaly detection.,AI
"They planted saplings together, their hands muddy but hearts full.",Human
Deep learning frameworks have streamlined the development of complex models.,AI
She wore the bracelet her grandmother had given her with pride.,Human
Edge AI allows processing data locally on devices without sending it to the cloud.,AI
She wore the bracelet her grandmother had given her with pride.,Human
Deep learning frameworks have streamlined the development of complex models.,AI
"He scribbled notes in the margins, lost in thought.",Human
Large language models are transforming conversational interfaces.,AI
I held the shell to my ear and listened to the sound of the ocean.,Human
Robotic process automation uses AI to handle repetitive digital tasks.,AI
The train whistle echoed across the valley as dawn broke.,Human
Synthetic data generation is used to augment limited real-world data.,AI
She wore the bracelet her grandmother had given her with pride.,Human
Deep learning frameworks have streamlined the development of complex models.,AI
I held the shell to my ear and listened to the sound of the ocean.,Human
Synthetic data generation is used to augment limited real-world data.,AI
Her laughter lit up the room like morning sunshine.,Human
